provider	event_id	version	event(fields)	opcode	keywords	task	level	evtlog_channel	evtlog_message
Microsoft-Windows-DeviceSetupManager	10	0	task_0(UInt32 Prop_FeatureId, UInt8 Prop_FeatureEnablement)			task_0	Informational		
Microsoft-Windows-DeviceSetupManager	11	0	task_011(UInt32 Prop_IdleWait)			task_0	Informational		
Microsoft-Windows-DeviceSetupManager	20	0	task_020()			task_0	Informational		
Microsoft-Windows-DeviceSetupManager	21	0	task_021(UInt8 Prop_AppUpdatesEnablement, UInt8 Prop_WindowsUpdatesEnablement)			task_0	Informational		
Microsoft-Windows-DeviceSetupManager	30	0	task_030(GUID Prop_ContainerId)			task_0	Informational		
Microsoft-Windows-DeviceSetupManager	40	0	task_040(UInt32 Prop_ServerSelection)			task_0	Informational		
Microsoft-Windows-DeviceSetupManager	41	0	task_041(UInt32 Prop_ServerSelection)			task_0	Informational		
Microsoft-Windows-DeviceSetupManager	42	0	task_042(UInt32 Prop_ServerSelection, HexInt32 HRESULT)			task_0	Error		
Microsoft-Windows-DeviceSetupManager	43	0	task_043()			task_0	Informational		
Microsoft-Windows-DeviceSetupManager	44	0	task_044(UInt32 Prop_ServerSelection)			task_0	Informational		
Microsoft-Windows-DeviceSetupManager	50	0	task_050(UInt8 Prop_TaskEnablement)			task_0	Informational		
Microsoft-Windows-DeviceSetupManager	51	0	task_051()			task_0	Informational		
Microsoft-Windows-DeviceSetupManager	52	0	task_052(UInt32 Prop_DriverRecoveryRequest)			task_0	Informational		
Microsoft-Windows-DeviceSetupManager	100	0	task_0100(UInt32 Prop_CoreServiceMode, Int64 Prop_Event_Window_Seconds)			task_0	Informational		
Microsoft-Windows-DeviceSetupManager	101	0	task_0101(Int64 Prop_UpTime_Seconds, Int64 Prop_WorkTime_MilliSeconds)			task_0	Informational		
Microsoft-Windows-DeviceSetupManager	102	0	task_0102()			task_0	Informational		
Microsoft-Windows-DeviceSetupManager	103	0	task_0103()			task_0	Informational		
Microsoft-Windows-DeviceSetupManager	104	0	task_0104(UInt32 HRESULT)			task_0	Error		
Microsoft-Windows-DeviceSetupManager	105	0	task_0105()			task_0	Informational		
Microsoft-Windows-DeviceSetupManager	105	1	task_0105_V1(UInt32 Prop_RetryCycleCount)			task_0	Informational		
Microsoft-Windows-DeviceSetupManager	106	0	task_0106(UInt32 Prop_RetryCycleCount)			task_0	Informational		
Microsoft-Windows-DeviceSetupManager	107	0	task_0107()			task_0	Informational		
Microsoft-Windows-DeviceSetupManager	108	0	task_0108(UInt32 Prop_CoreServiceState)			task_0	Informational		
Microsoft-Windows-DeviceSetupManager	109	0	task_0109(UInt32 Prop_CoreServiceMode)			task_0	Informational		
Microsoft-Windows-DeviceSetupManager	110	0	task_0110(GUID Prop_ContainerId, UInt32 Prop_JobId, UInt32 Prop_JobType)			task_0	Informational		
Microsoft-Windows-DeviceSetupManager	111	0	task_0111(GUID Prop_ContainerId, UInt32 Prop_JobId, UInt32 Prop_JobStatus)			task_0	Informational		
Microsoft-Windows-DeviceSetupManager	112	0	task_0112(UnicodeString Prop_DeviceName, GUID Prop_ContainerId, Int32 Prop_TaskCount, Int32 Prop_PropertyCount, Int64 Prop_WorkTime_MilliSeconds)			task_0	Informational		
Microsoft-Windows-DeviceSetupManager	120	0	task_0120(UnicodeString Prop_PackageId, Int64 Prop_MilliSeconds)			task_0	Informational		
Microsoft-Windows-DeviceSetupManager	121	0	task_0121(UnicodeString Prop_DevnodeId, UInt32 HRESULT)			task_0	Error		
Microsoft-Windows-DeviceSetupManager	122	0	task_0122()			task_0	Warning		
Microsoft-Windows-DeviceSetupManager	122	1	task_0122_V1(UnicodeString Prop_DevnodeId)			task_0	Warning		
Microsoft-Windows-DeviceSetupManager	123	0	task_0123(Int32 Prop_Seconds, UnicodeString Prop_DeviceId)			task_0	Warning		
Microsoft-Windows-DeviceSetupManager	124	0	task_0124(UnicodeString Prop_PackageId, UnicodeString Prop_DeviceInstanceId, Int64 Prop_MilliSeconds)			task_0	Informational		
Microsoft-Windows-DeviceSetupManager	125	0	task_0125(UnicodeString Prop_DevnodeId)			task_0	Warning		
Microsoft-Windows-DeviceSetupManager	126	0	task_0126(UnicodeString Prop_DeviceInstanceId, UnicodeString Prop_PackageId)			task_0	Informational		
Microsoft-Windows-DeviceSetupManager	127	0	task_0127(UnicodeString Prop_DevnodeId)			task_0	Informational		
Microsoft-Windows-DeviceSetupManager	130	0	task_0130(UnicodeString Prop_MetadataPackageId, GUID Prop_ContainerId, Int64 Prop_StageTimeMilliSeconds)			task_0	Informational		
Microsoft-Windows-DeviceSetupManager	131	0	task_0131(UnicodeString Prop_ContainerId, UInt32 HRESULT)			task_0	Error		
Microsoft-Windows-DeviceSetupManager	132	0	task_0132(UnicodeString Prop_ContainerId, HexInt32 HRESULT, UInt32 HTTPCode)			task_0	Error		
Microsoft-Windows-DeviceSetupManager	133	0	task_0133(UnicodeString Prop_PackageId, UnicodeString Prop_ContainerId, HexInt32 HRESULT)			task_0	Error		
Microsoft-Windows-DeviceSetupManager	134	0	task_0134(UnicodeString Prop_ContainerId, UnicodeString Prop_PackageId)			task_0	Informational		
Microsoft-Windows-DeviceSetupManager	135	0	task_0135(UnicodeString Prop_ContainerId)			task_0	Informational		
Microsoft-Windows-DeviceSetupManager	136	0	task_0136(UnicodeString Prop_PackageId)			task_0	Warning		
Microsoft-Windows-DeviceSetupManager	137	0	task_0137(UnicodeString Prop_PackageId, HexInt32 Error)			task_0	Warning		
Microsoft-Windows-DeviceSetupManager	138	0	task_0138(UnicodeString Prop_PackageId, UInt8 Prop_IsLegacySigCheckForFile1, UnicodeString Prop_FileName1, HexInt32 HRESULT1, UInt8 Prop_IsLegacySigCheckForFile2, UnicodeString Prop_FileName2, HexInt32 HRESULT2)			task_0	Warning		
Microsoft-Windows-DeviceSetupManager	150	0	task_0150(UnicodeString Prop_DeviceName, GUID Prop_ContainerId)			task_0	Informational		
Microsoft-Windows-DeviceSetupManager	151	0	task_0151(UnicodeString Prop_DeviceName, GUID Prop_ContainerId)			task_0	Error		
Microsoft-Windows-DeviceSetupManager	152	0	task_0152(UnicodeString Prop_DeviceName, GUID Prop_ContainerId, HexInt32 HRESULT)			task_0	Error		
Microsoft-Windows-DeviceSetupManager	160	0	task_0160(UnicodeString Prop_SoftwareName, UnicodeString Prop_DeviceInstanceId, UInt64 Prop_InstallTime)			task_0	Informational		
Microsoft-Windows-DeviceSetupManager	161	0	task_0161(UnicodeString Prop_SoftwareName, UInt32 Prop_HiHighPartNew, UInt32 Prop_LoHighPartNew, UInt32 Prop_HiLowPartNew, UInt32 Prop_LoLowPartNew, UInt32 Prop_HiHighPartOld, UInt32 Prop_LoHighPartOld, UInt32 Prop_HiLowPartOld, UInt32 Prop_LoLowPartOld)			task_0	Informational		
Microsoft-Windows-DeviceSetupManager	162	0	task_0162(UnicodeString Prop_SoftwareName, UInt32 Error)			task_0	Error		
Microsoft-Windows-DeviceSetupManager	162	1	task_0162_V1(UnicodeString Prop_SoftwareName, UnicodeString Prop_DeviceInstanceId, HexInt32 HRESULT)			task_0	Error		
Microsoft-Windows-DeviceSetupManager	163	0	task_0163(UnicodeString Prop_SoftwareName, UInt32 Error, UInt32 ExitCode)			task_0	Error		
Microsoft-Windows-DeviceSetupManager	163	1	task_0163_V1(UnicodeString Prop_SoftwareName, UnicodeString Prop_DeviceInstanceId, UInt32 Error, HexInt32 HRESULT)			task_0	Error		
Microsoft-Windows-DeviceSetupManager	164	0	task_0164(UnicodeString Prop_SoftwareName, UInt32 Error)			task_0	Warning		
Microsoft-Windows-DeviceSetupManager	164	1	task_0164_V1(UnicodeString Prop_SoftwareName, UnicodeString Prop_DeviceInstanceId, HexInt32 HRESULT)			task_0	Warning		
Microsoft-Windows-DeviceSetupManager	165	0	task_0165(UnicodeString Prop_SoftwareName, UnicodeString Prop_CommandLine)			task_0	Informational		
Microsoft-Windows-DeviceSetupManager	166	0	task_0166(UnicodeString Prop_DeviceInstanceId, UnicodeString Prop_SoftwareLinks)			task_0	Informational		
Microsoft-Windows-DeviceSetupManager	167	0	task_0167(UnicodeString Prop_SoftwarePfn, UnicodeString Prop_ProductId, UInt32 Prop_IsFramework)			task_0	Informational		
Microsoft-Windows-DeviceSetupManager	167	1	task_0167_V1(UnicodeString Prop_ProductId, UnicodeString Prop_SoftwarePfn)			task_0	Informational		
Microsoft-Windows-DeviceSetupManager	168	0	task_0168(UnicodeString Prop_SoftwarePfn, UInt32 ErrorCode)			task_0	Informational		
Microsoft-Windows-DeviceSetupManager	169	0	task_0169(UnicodeString Prop_ProductId)			task_0	Informational		
Microsoft-Windows-DeviceSetupManager	170	0	task_0170(UnicodeString Prop_ProductId)			task_0	Informational		
Microsoft-Windows-DeviceSetupManager	171	0	task_0171(UnicodeString Prop_ProductId, UnicodeString Prop_InstallType, UInt32 ErrorCode)			task_0	Informational		
Microsoft-Windows-DeviceSetupManager	171	1	task_0171_V1(UnicodeString Prop_ProductId, UInt32 Prop_InstallType)			task_0	Informational		
Microsoft-Windows-DeviceSetupManager	172	0	task_0172(UnicodeString Prop_ProductId, UInt32 Prop_InstallType, HexInt32 HRESULT)			task_0	Error		
Microsoft-Windows-DeviceSetupManager	180	0	task_0180(UnicodeString Prop_ProductId, UInt32 ErrorCode)			task_0	Error		
Microsoft-Windows-DeviceSetupManager	190	0	task_0190(UnicodeString Prop_DeviceName, GUID Prop_ContainerId, Int64 Prop_MilliSeconds)			task_0	Informational		
Microsoft-Windows-DeviceSetupManager	191	0	task_0191(UnicodeString Prop_DeviceName, GUID Prop_ContainerId, HexInt32 HRESULT, Int64 Prop_MilliSeconds)			task_0	Error		
Microsoft-Windows-DeviceSetupManager	200	0	task_0200()			task_0	Warning		
Microsoft-Windows-DeviceSetupManager	201	0	task_0201()			task_0	Warning		
Microsoft-Windows-DeviceSetupManager	202	0	task_0202()			task_0	Warning		
Microsoft-Windows-DeviceSetupManager	203	0	task_0203()			task_0	Informational		
Microsoft-Windows-DeviceSetupManager	220	0	task_0220(UnicodeString Prop_ContainerId, UnicodeString Prop_PackageId, UnicodeString Prop_NotificationHandler)			task_0	Informational		
Microsoft-Windows-DeviceSetupManager	221	0	task_0221(UnicodeString Prop_ContainerId, UnicodeString Prop_PackageId)			task_0	Informational		
Microsoft-Windows-DeviceSetupManager	222	0	task_0222(UnicodeString Prop_ContainerId, UnicodeString Prop_PackageId, UInt32 HRESULT)			task_0	Error		
Microsoft-Windows-DeviceSetupManager	223	0	task_0223(UnicodeString Prop_PackageId)			task_0	Informational		
Microsoft-Windows-DeviceSetupManager	224	0	task_0224(UnicodeString Prop_PackageId)			task_0	Informational		
Microsoft-Windows-DeviceSetupManager	230	0	task_0230(UnicodeString Prop_ContainerId, UnicodeString Prop_PackageId)			task_0	Informational		
Microsoft-Windows-DeviceSetupManager	231	0	task_0231(UnicodeString Prop_ContainerId, UnicodeString Prop_PackageId)			task_0	Informational		
Microsoft-Windows-DeviceSetupManager	232	0	task_0232(UnicodeString Prop_ContainerId, UnicodeString Prop_PackageId)			task_0	Warning		
Microsoft-Windows-DeviceSetupManager	233	0	task_0233(UnicodeString Prop_ContainerId, UnicodeString Prop_PackageId)			task_0	Warning		
Microsoft-Windows-DeviceSetupManager	234	0	task_0234(UnicodeString Prop_DevnodeId, Int64 Prop_MilliSeconds)			task_0	Informational		
Microsoft-Windows-DeviceSetupManager	300	0	task_0DeviceUxReady(UnicodeString Prop_ContainerId)	DeviceUxReady		task_0	Informational		
Microsoft-Windows-DeviceSetupManager	301	0	task_0DeviceSetupComplete(UnicodeString Prop_ContainerId)	DeviceSetupComplete		task_0	Informational		
Microsoft-Windows-DeviceSetupManager	302	0	task_0302(UnicodeString Prop_ContainerId, UnicodeString Prop_ServiceInfoNamespace, UnicodeString Prop_CultureCode)			task_0	Informational		
Microsoft-Windows-DeviceSetupManager	400	0	DeviceSetupTaskStart(GUID Prop_ContainerId)	Start		DeviceSetupTask	Informational		
Microsoft-Windows-DeviceSetupManager	401	0	DeviceSetupTaskStop(GUID Prop_ContainerId)	Stop		DeviceSetupTask	Informational		
Microsoft-Windows-DeviceSetupManager	402	0	DownloadDriverTaskStart(UnicodeString Prop_DevnodeId)	Start		DownloadDriverTask	Informational		
Microsoft-Windows-DeviceSetupManager	403	0	DownloadDriverTaskStop(UnicodeString Prop_DevnodeId, UInt32 HRESULT)	Stop		DownloadDriverTask	Informational		
Microsoft-Windows-DeviceSetupManager	404	0	BuildDriverListTaskStart(UnicodeString Prop_PackagePath)	Start		BuildDriverListTask	Informational		
Microsoft-Windows-DeviceSetupManager	405	0	BuildDriverListTaskStop(UnicodeString Prop_PackagePath)	Stop		BuildDriverListTask	Informational		
Microsoft-Windows-DeviceSetupManager	406	0	InstallDriverTaskStart(UnicodeString Prop_DevnodeId)	Start		InstallDriverTask	Informational		
Microsoft-Windows-DeviceSetupManager	407	0	InstallDriverTaskStop(UnicodeString Prop_DevnodeId, UInt32 HRESULT)	Stop		InstallDriverTask	Informational		
Microsoft-Windows-DeviceSetupManager	408	0	MetadataInstallTaskStart(UnicodeString Prop_ContainerId)	Start		MetadataInstallTask	Informational		
Microsoft-Windows-DeviceSetupManager	409	0	MetadataInstallTaskStop(UnicodeString Prop_ContainerId)	Stop		MetadataInstallTask	Informational		
Microsoft-Windows-DeviceSetupManager	410	0	InstallDriverUpdateTaskStart(UnicodeString Prop_DevnodeId)	Start		InstallDriverUpdateTask	Informational		
Microsoft-Windows-DeviceSetupManager	411	0	InstallDriverUpdateTaskStop(UnicodeString Prop_DevnodeId, UInt32 HRESULT)	Stop		InstallDriverUpdateTask	Informational		
Microsoft-Windows-DeviceSetupManager	412	0	InstallSoftwareStart(UnicodeString Prop_DevnodeId)	Start		InstallSoftware	Informational		
Microsoft-Windows-DeviceSetupManager	413	0	InstallSoftwareStop(UnicodeString Prop_DevnodeId)	Stop		InstallSoftware	Informational		
Microsoft-Windows-DeviceSetupManager	7710	0	SearchWindowsUpdateStart()	Start		SearchWindowsUpdate	Informational		
Microsoft-Windows-DeviceSetupManager	7711	0	SearchWindowsUpdateStop()	Stop		SearchWindowsUpdate	Informational		
Microsoft-Windows-DeviceSetupManager	7712	0	DownloadFromWindowsUpdateStart()	Start		DownloadFromWindowsUpdate	Informational		
Microsoft-Windows-DeviceSetupManager	7713	0	DownloadFromWindowsUpdateStop()	Stop		DownloadFromWindowsUpdate	Informational		
Microsoft-Windows-DeviceSetupManager	7714	0	InstallFromWindowsUpdateStart()	Start		InstallFromWindowsUpdate	Informational		
Microsoft-Windows-DeviceSetupManager	7715	0	InstallFromWindowsUpdateStop()	Stop		InstallFromWindowsUpdate	Informational		
